{
    "tools attributes": {
        "identifier": 0.0833333333333333,
        "name": 0.0833333333333333,
        "link": 0.0833333333333333,
        "type": 0.0833333333333333,
        "description": 0.0833333333333333,
        "resultsInsights": 0.0833333333333333,
        "authors":0.0833333333333333,
        "implementation": 0.0833333333333333,
        "license": 0.0833333333333333,
        "keywords": 0.0833333333333333,
        "domain": 0.0833333333333333,
        "relatedObjects": 0.0833333333333333 
    }
}